Monthly income,Gender,Earning individual,Responsibility,Mode of income,Network degree,Marriage status,Risk apetite,Location,Age,SIP,AUM,Redemption amount,Redemption count,Months,Cumulative AUM,% Cumulative AUM,AUM/Months,Monthly AUM,Number,Cumulative months,Months moving average
50000-199999,M,Self,No,Business,1st,Single,Aggresive,Nagpur,24,50000,5085883.42,1000600.48,1,62,5085883.42,5.47%,82030.37774,98169.09516,1,62,62
50000-199999,M,Self,Yes,Business,2nd,Married,Aggresive,Nagpur,51,2000,3149295.61,0,0,90,8235179.03,8.85%,34992.17344,34992.17344,2,152,76
50000-199999,M,Self,Yes,Business,1st,Married,Aggresive,Nagpur,49,50000,2641066.8,703350.4,15,45,10876245.83,11.69%,58690.37333,74320.38222,3,197,65.66666667
50000-199999,F,Self,Yes,Salaried,1st,Married,Aggresive,Nagpur,40,15000,2440100.08,0,0,86,13316345.91,14.32%,28373.25674,28373.25674,4,283,70.75
50000-199999,F,Self,Yes,Business,1st,Married,Aggresive,Nagpur,49,50000,2288685.34,0,0,63,15605031.25,16.78%,36328.33873,36328.33873,5,346,69.2
50000-199999,F,Self,No,Business,2nd,Single,Moderate,Nagpur,23,45000,2283668.69,0,0,43,17888699.94,19.23%,53108.57419,53108.57419,6,389,64.83333333
50000-199999,M,Self,Yes,Business,2nd,Married,Moderate,Nagpur,27,45000,2279629.08,0,0,43,20168329.02,21.68%,53014.62977,53014.62977,7,432,61.71428571
50000-199999,M,Self,No,Business,2nd,Single,Moderate,Nagpur,23,45000,2260182.47,0,0,43,22428511.49,24.11%,52562.38302,52562.38302,8,475,59.375
50000-199999,M,Self,Yes,Business,3rd,Married,Moderate,Nagpur,49,6000,1875678.31,701248.92,4,47,24304189.8,26.13%,39908.04915,54828.23894,9,522,58
50000-199999,F,Self,Yes,Business,3rd,Married,Moderate,Nagpur,46,6000,1813121.77,375494.99,3,47,26117311.57,28.08%,38577.05894,46566.31404,10,569,56.9
50000-199999,M,Self,Yes,Business,1st,Married,Moderate,Nagpur,59,15000,1794404.41,278493.08,1,78,27911715.98,30.01%,23005.18474,26575.60885,11,647,58.81818182
50000-199999,M,Self,Yes,Business,1st,Married,Aggresive,Nagpur,51,25000,1745107.47,137075.15,1,63,29656823.45,31.88%,27700.11857,29875.9146,12,710,59.16666667
50000-199999,M,Self,Yes,Salaried,3rd,Married,Moderate,Nagpur,46,33000,1702121.22,0,0,43,31358944.67,33.71%,39584.21442,39584.21442,13,753,57.92307692
0-49999,M,Alias,No,Business,2nd,Single,Aggresive,Nagpur,10,0,1594113.19,0,0,49,32953057.86,35.43%,32572.16878,32572.16878,14,802,57.2814971
50000-199999,F,Self,Yes,Business,2nd,Married,Moderate,Nagpur,46,0,1528553.5,721444.88,10,49,34481611.36,37.07%,31232.60186,45973.72849,15,851,56.72546125
50000-199999,M,Self,Yes,Business,3rd,Married,Aggresive,Nagpur,47,13000,1301084.5,0,0,32,35782695.86,38.47%,40658.89063,40658.89063,16,883,55.18011993
50000-199999,M,Self,Yes,Business,2nd,Married,Moderate,other,44,10000,1264519.22,0,0,76,37047215.08,39.83%,16638.41079,16638.41079,17,959,56.40481875
0-49999,F,Alias,Yes,Business,2nd,Married,Moderate,Nagpur,65,0,1138977.43,100000,1,49,38186192.51,41.05%,23272.47859,25315.75688,18,1008,55.9901599
50000-199999,M,Self,Yes,Business,1st,Married,Moderate,Nagpur,47,8000,1098932.9,1614.43,1,73,39285125.41,42.23%,15053.87534,15075.99082,19,1081,56.88541464
50000-199999,M,Self,Yes,Business,1st,Married,Moderate,Nagpur,29,12000,1074645.39,0,0,71,40359770.8,43.39%,15135.85056,15135.85056,20,1152,57.59114391
200000-499999,M,Self,Yes,Salaried,2nd,Married,Aggresive,Nagpur,38,10000,1072079.17,0,0,82,41431849.97,44.54%,13074.13622,13074.13622,21,1234,58.75347039
50000-199999,M,Self,Yes,Business,1st,Married,Moderate,other,66,0,1064732.59,2480228.4,26,92,42496582.56,45.69%,11573.18033,38532.18467,22,1326,60.26467628
50000-199999,M,Self,Yes,Business,1st,Married,Aggresive,Nagpur,49,9000,1060389.35,143567.51,2,86,43556971.91,46.83%,12330.10872,13999.49837,23,1412,61.3836034
50000-199999,F,Self,Yes,Business,2nd,Married,Aggresive,Nagpur,46,5000,992842.94,155474.25,2,42,44549814.85,47.89%,23639.11762,27340.88548,24,1454,60.57595326
50000-199999,M,Self,Yes,Salaried,1st,Married,Aggresive,Nagpur,43,9000,985112.58,0,0,71,45534927.43,48.95%,13874.82507,13874.82507,25,1525,60.99291513
0-49999,M,Self,Yes,Salaried,2nd,Married,Moderate,Nagpur,47,2000,977753.81,420369.35,9,70,46512681.24,50.00%,13967.91157,19973.188,26,1595,61.33934147
50000-199999,F,Self,Yes,Business,1st,Married,Moderate,Nagpur,43,0,965308.86,0,0,64,47477990.1,51.04%,15082.95094,15082.95094,27,1659,61.43788438
0-49999,F,Alias,Yes,Salaried,1st,Married,Aggresive,Nagpur,53,1500,957948.75,302347.1,12,50,48435938.85,52.07%,19158.975,25205.917,28,1709,61.02938851
50000-199999,M,Self,Yes,Business,1st,Married,Moderate,Nagpur,54,29000,880891.97,2941983.73,21,91,49316830.82,53.02%,9680.131538,42009.62308,29,1800,62.06285787
50000-199999,F,Self,Yes,Salaried,2nd,Married,Conservative,other,50,0,880069.84,2019.59,1,49,50196900.66,53.96%,17982.276,18023.54185,30,1849,61.62546125
0-49999,F,Alias,Yes,Salaried,1st,Married,Moderate,Nagpur,55,0,834941.66,550184.62,3,49,51031842.32,54.86%,17060.1817,28301.98461,31,1898,61.21628378
50000-199999,F,Self,No,Business,1st,Married,Moderate,Nagpur,69,20000,811936.81,0,0,41,51843779.13,55.73%,19803.33683,19803.33683,32,1939,60.58452491
50000-199999,F,Self,Yes,Business,1st,Married,Aggresive,Nagpur,48,15500,790045.62,153900.98,4,66,52633824.75,56.58%,11970.38818,14302.22121,33,2005,60.74863021
50000-199999,M,Self,Yes,Salaried,1st,Married,Moderate,other,62,2000,789327.32,365000,5,83,53423152.07,57.43%,9509.967711,13907.55807,34,2088,61.40308227
0-49999,F,Self,No,Salaried,2nd,Married,Moderate,Nagpur,68,4000,787681.42,325762.16,2,33,54210833.49,58.28%,23869.13394,33740.71455,35,2121,60.59156563
50000-199999,M,Self,Yes,Salaried,1st,Married,Moderate,Nagpur,60,7500,783830.9,154622.66,1,51,54994664.39,59.12%,15369.23333,18401.0502,36,2172,60.32513325
50000-199999,F,Self,Yes,Business,3rd,Married,Aggresive,Nagpur,46,10000,778263.14,0,0,71,55772927.53,59.96%,10961.45268,10961.45268,37,2243,60.61364316
50000-199999,M,Self,Yes,Business,2nd,Married,Moderate,Nagpur,46,16000,777010.66,0,0,70,56549938.19,60.79%,11100.15229,11100.15229,38,2313,60.86065255
50000-199999,M,Self,Yes,Business,1st,Married,Moderate,Nagpur,44,9000,725446.95,59385.13,1,91,57275385.14,61.57%,7971.944505,8624.528352,39,2404,61.63345633
50000-199999,M,Self,No,Business,3rd,Married,Aggresive,other,51,5000,671174.72,0,0,36,57946559.86,62.29%,18643.74222,18643.74222,40,2440,60.99261993
50000-199999,F,Self,Yes,Salaried,3rd,Married,Moderate,Nagpur,38,40000,668449.64,0,0,28,58615009.5,63.01%,23873.20143,23873.20143,41,2468,60.18792188
0-49999,F,Self,No,Salaried,1st,Single,Moderate,Nagpur,27,10000,658863.85,0,0,50,59273873.35,63.72%,13177.277,13177.277,42,2518,59.94535231
50000-199999,M,Self,Yes,Business,1st,Married,Aggresive,Nagpur,41,0,657101.07,0,0,49,59930974.42,64.43%,13426.40353,13426.40353,43,2567,59.6894362
50000-199999,M,Self,Yes,Business,2nd,Married,Moderate,Nagpur,48,5000,619323.7,55572.45,1,45,60550298.12,65.09%,13762.74889,14997.69222,44,2612,59.35558537
0-49999,M,Self,Yes,Business,1st,Married,Moderate,Nagpur,50,5000,615785.52,0,0,72,61166083.64,65.76%,8552.576667,8552.576667,45,2684,59.63657237
0-49999,F,Alias,Yes,Business,1st,Married,Moderate,Nagpur,33,0,580636.62,0,0,49,61746720.26,66.38%,11864.02202,11864.02202,46,2733,59.40405904
50000-199999,F,Self,No,Salaried,1st,Married,Moderate,Nagpur,55,3000,551330.55,0,0,84,62298050.81,66.97%,6563.458929,6563.458929,47,2817,59.92737693
0-49999,F,Alias,Yes,Salaried,3rd,Married,Moderate,Nagpur,45,15000,545300.79,10000,1,61,62843351.6,67.56%,8939.357213,9103.291639,48,2878,59.94972325
50000-199999,M,Self,Yes,Business,1st,Married,Moderate,Nagpur,59,5000,527521.48,0,0,10,63370873.08,68.13%,52752.148,52752.148,49,2888,58.93034114
50000-199999,M,Self,Yes,Salaried,1st,Married,Aggresive,Nagpur,34,0,521964.28,0,0,86,63892837.36,68.69%,6069.352093,6069.352093,50,2974,59.47173432
50000-199999,M,Self,Yes,Business,1st,Married,Moderate,Nagpur,55,4000,504384.21,0,0,86,64397221.57,69.23%,5864.932674,5864.932674,51,3060,59.99189639
50000-199999,F,Self,No,Business,1st,Married,Aggresive,other,49,0,499777.74,0,0,84,64896999.31,69.77%,5949.735,5949.735,52,3144,60.45359069
0-49999,F,Self,Yes,Salaried,1st,Married,Moderate,Nagpur,42,10000,444361.68,60915.7,2,78,65341360.99,70.24%,5696.944615,6477.915128,53,3222,60.78465502
50000-199999,M,Self,Yes,Business,1st,Married,Moderate,Nagpur,65,2000,440395.17,0,0,91,65781756.16,70.72%,4839.507363,4839.507363,54,3313,61.34419844
0-49999,F,Self,Yes,Salaried,1st,Married,Aggresive,Nagpur,30,0,434722.53,500776.34,10,91,66216478.69,71.18%,4777.170659,10280.20736,55,3404,61.88339483
50000-199999,F,Self,Yes,Business,2nd,Married,Moderate,other,39,10000,431700.1,0,0,35,66648178.79,71.65%,12334.28857,12334.28857,56,3439,61.40333421
50000-199999,M,Self,Yes,Business,1st,Married,Aggresive,Nagpur,54,12000,426292.06,770772.26,20,92,67074470.85,72.11%,4633.609348,13011.5687,57,3531,61.94011782
0-49999,F,Alias,Yes,Business,2nd,Married,Aggresive,Nagpur,42,15000,423791.34,0,0,18,67498262.19,72.56%,23543.96333,23543.96333,58,3549,61.18252958
0-49999,F,Self,No,Business,2nd,Married,Aggresive,Nagpur,62,6000,420288.49,0,0,58,67918550.68,73.01%,7246.353276,7246.353276,59,3607,61.1285884
200000-499999,M,Self,Yes,Salaried,1st,Married,Moderate,other,52,5500,410577.81,0,0,51,68329128.49,73.46%,8050.545294,8050.545294,60,3658,60.9597786
50000-199999,F,Self,Yes,Salaried,1st,Married,Moderate,other,30,16000,410370.15,64133.27,3,42,68739498.64,73.90%,9770.717857,11297.70048,61,3700,60.64896256
50000-199999,F,Self,Yes,Salaried,2nd,Married,Moderate,Nagpur,56,4000,406082.13,0,0,84,69145580.77,74.33%,4834.311071,4834.311071,62,3784,61.02559219
0-49999,F,Self,Yes,Salaried,2nd,Married,Aggresive,Nagpur,36,0,405574.99,20000,1,49,69551155.76,74.77%,8287.025732,8695.681391,63,3833,60.83377262
50000-199999,F,Self,No,Salaried,2nd,Married,Aggresive,Nagpur,31,20000,376740.63,0,0,14,69927896.39,75.17%,26910.045,26910.045,64,3847,60.10199493
50000-199999,M,Self,Yes,Business,1st,Married,Moderate,Nagpur,37,0,371783.52,0,0,60,70299679.91,75.57%,6196.392,6196.392,65,3907,60.10042577
50000-199999,M,Self,Yes,Business,2nd,Married,Aggresive,Nagpur,47,10000,344336.33,0,0,29,70644016.24,75.94%,11873.66655,11873.66655,66,3936,59.6292072
50000-199999,M,Self,Yes,Business,1st,Married,Aggresive,other,59,10000,344111.05,0,0,35,70988127.29,76.31%,9831.744286,9831.744286,67,3971,59.26160709
50000-199999,M,Self,Yes,Business,1st,Married,Moderate,Nagpur,45,3000,336127.57,190000,3,73,71324254.86,76.68%,4604.48726,7207.226986,68,4044,59.46364228
50000-199999,F,Self,Yes,Salaried,1st,Married,Moderate,other,31,5000,334823.48,0,0,67,71659078.34,77.04%,4997.365373,4997.365373,69,4111,59.57286486
0-49999,F,Alias,Yes,Business,1st,Married,Moderate,Nagpur,43,3000,333882.44,200000,2,84,71992960.78,77.39%,3974.790952,6355.743333,70,4195,59.92182393
0-49999,F,Self,Yes,Business,2nd,Married,Moderate,Nagpur,44,8000,333228.49,212960.2,4,26,72326189.27,77.75%,12816.48038,21007.25731,71,4221,59.44405176
0-49999,M,Self,Yes,Salaried,1st,Married,Moderate,Nagpur,54,6000,326405.53,209000,4,87,72652594.8,78.10%,3751.787701,6154.086552,72,4308,59.82677327
500000 and above,M,Self,Yes,Salaried,1st,Single,Moderate,Nagpur,27,2500,318786,0,0,82,72971380.8,78.45%,3887.634146,3887.634146,73,4390,60.1305161
50000-199999,F,Self,Yes,Salaried,1st,Married,Moderate,Nagpur,38,5000,305711.45,0,0,47,73277092.25,78.78%,6504.498936,6504.498936,74,4437,59.95307669
50000-199999,F,Self,Yes,Business,1st,Married,Moderate,Nagpur,43,3000,305298.94,0,0,31,73582391.19,79.10%,9848.352903,9848.352903,75,4468,59.56703567
50000-199999,M,Self,Yes,Salaried,1st,Married,Moderate,Nagpur,34,13000,304749.5,108007.17,4,87,73887140.69,79.43%,3502.867816,4744.32954,76,4555,59.92799573
0-49999,F,Self,Yes,Business,1st,Married,Moderate,Nagpur,51,5000,299905.3,100144.87,2,43,74187045.99,79.75%,6974.54186,9303.492326,77,4598,59.70815163
50000-199999,F,Self,Yes,Business,1st,Married,Moderate,Nagpur,57,0,297528.73,0,0,91,74484574.72,80.07%,3269.546484,3269.546484,78,4689,60.10932917
50000-199999,M,Self,Yes,Salaried,1st,Married,Aggresive,Nagpur,47,7000,288164.75,259427.07,9,92,74772739.47,80.38%,3132.225543,5952.085,79,4781,60.51300855
50000-199999,M,Self,Yes,Salaried,2nd,Single,Moderate,other,25,19000,278556.42,0,0,37,75051295.89,80.68%,7528.551892,7528.551892,80,4818,60.21909594
50000-199999,M,Self,Yes,Business,2nd,Married,Moderate,Nagpur,40,10000,271021.85,0,0,46,75322317.74,80.97%,5891.779348,5891.779348,81,4864,60.04355155
0-49999,F,Alias,No,Salaried,2nd,Married,Moderate,Nagpur,41,0,269302.22,0,0,49,75591619.96,81.26%,5502.593804,5502.593804,82,4912,59.90815408
50000-199999,M,Self,Yes,Business,1st,Married,Moderate,Nagpur,62,2000,266602.53,36000,1,91,75858222.49,81.55%,2929.698132,3325.302527,83,5003,60.28275463
50000-199999,M,Self,Yes,Salaried,1st,Married,Moderate,other,40,2000,261794.05,0,0,84,76120016.54,81.83%,3116.595833,3116.595833,84,5087,60.56510279
0-49999,M,Self,Yes,Business,1st,Married,Moderate,other,42,4500,259334.59,44933.13,1,90,76379351.13,82.11%,2881.495444,3380.752444,85,5177,60.9113957
50000-199999,F,Self,No,Business,1st,Married,Aggresive,Nagpur,56,6000,259301.31,0,0,25,76638652.44,82.39%,10372.0524,10372.0524,86,5202,60.49382133
50000-199999,F,Self,Yes,Business,1st,Married,Moderate,Nagpur,28,20000,255712.02,0,0,19,76894364.46,82.66%,13458.52737,13458.52737,87,5221,60.01688086
50000-199999,M,Self,Yes,Salaried,2nd,Married,Moderate,Nagpur,65,2000,248062.36,0,0,82,77142426.82,82.93%,3025.150732,3025.150732,88,5303,60.26668903
50000-199999,F,Self,Yes,Business,1st,Married,Aggresive,Nagpur,46,24500,247603.89,1024464.42,21,68,77390030.71,83.20%,3641.233676,18706.88691,89,5371,60.35358017
50000-199999,M,Self,Yes,Business,2nd,Married,Aggresive,other,39,3000,245284.05,0,0,56,77635314.76,83.46%,4380.072321,4380.072321,90,5427,60.30520705
0-49999,M,Alias,No,Business,3rd,Single,Moderate,Nagpur,22,4000,237891.78,0,0,34,77873206.54,83.72%,6996.817059,6996.817059,91,5461,60.01613884
0-49999,F,Self,No,Business,2nd,Married,Conservative,other,77,0,237398.52,0,0,49,78110605.06,83.97%,4850.712427,4850.712427,92,5510,59.89575646
0-49999,M,Self,Yes,Business,2nd,Married,Moderate,Nagpur,41,0,233480.88,0,0,49,78344085.94,84.22%,4770.664139,4770.664139,93,5559,59.77796294
50000-199999,M,Self,Yes,Business,1st,Married,Moderate,Nagpur,50,3000,229162.1,0,0,41,78573248.04,84.47%,5589.319512,5589.319512,94,5600,59.57819738
0-49999,M,Self,No,Business,2nd,Single,Aggresive,Nagpur,21,5000,227678.52,0,0,19,78800926.56,84.71%,11983.08,11983.08,95,5619,59.15105846
0-49999,M,Self,Yes,Salaried,1st,Married,Moderate,Nagpur,49,2000,224481.42,73177.27,4,89,79025407.98,84.95%,2522.263146,3344.479663,96,5708,59.46198493
0-49999,M,Self,Yes,Salaried,2nd,Married,Moderate,Nagpur,31,2000,223078,44843.7,1,60,79248485.98,85.19%,3717.966667,4465.361667,97,5768,59.46753148
0-49999,F,Self,No,Salaried,1st,Married,Moderate,other,59,2000,215076.93,54000,3,73,79463562.91,85.43%,2946.259315,3685.985342,98,5841,59.60561789
50000-199999,M,Self,Yes,Business,1st,Married,Moderate,Nagpur,48,2000,213792.06,0,0,70,79677354.97,85.66%,3054.172286,3054.172286,99,5911,59.71061165
0-49999,F,Self,Yes,Business,2nd,Married,Moderate,Nagpur,51,5000,209377.88,0,0,34,79886732.85,85.88%,6158.172941,6158.172941,100,5945,59.45350554
0-49999,F,Self,Yes,Business,1st,Married,Moderate,Nagpur,45,3000,208963.67,175000,2,84,80095696.52,86.11%,2487.662738,4570.996071,101,6029,59.69654013
50000-199999,F,Self,No,Business,2nd,Married,Aggresive,Nagpur,42,5000,208660.49,0,0,34,80304357.01,86.33%,6137.073235,6137.073235,102,6063,59.44461327
50000-199999,M,Self,Yes,Salaried,1st,Married,Aggresive,other,34,1000,207835.32,64710.75,1,92,80512192.33,86.55%,2259.079565,2962.457283,103,6155,59.76068499
50000-199999,F,Self,Yes,Business,1st,Married,Aggresive,Nagpur,47,10000,205564.79,0,0,6,80717757.12,86.77%,34260.79833,34260.79833,104,6161,59.24375532
50000-199999,F,Self,No,Salaried,2nd,Married,Aggresive,Nagpur,75,15000,201535.53,0,0,13,80919292.65,86.99%,15502.73308,15502.73308,105,6174,58.8033386
50000-199999,M,Self,Yes,Salaried,2nd,Married,Aggresive,Nagpur,46,5000,200770.54,0,0,34,81120063.19,87.21%,5905.015882,5905.015882,106,6208,58.56934484
0-49999,M,Self,Yes,Salaried,1st,Married,Moderate,Nagpur,50,1000,200107.2,0,0,20,81320170.39,87.42%,10005.36,10005.36,107,6228,58.20888368
50000-199999,M,Self,Yes,Business,2nd,Married,Moderate,Nagpur,36,0,193836.92,0,0,87,81514007.31,87.63%,2228.010575,2228.010575,108,6315,58.47546809
50000-199999,M,Self,Yes,Salaried,3rd,Married,Aggresive,other,35,9500,191807.23,12816.8,3,31,81705814.54,87.84%,6187.33,6600.775161,109,6346,58.22339957
0-49999,F,Alias,No,Salaried,3rd,Married,Conservative,Nagpur,70,0,187842.02,0,0,49,81893656.56,88.04%,3838.13522,3838.13522,110,6395,58.13901375
0-49999,F,Self,Yes,Salaried,2nd,Married,Moderate,Nagpur,39,5000,186977.72,0,0,10,82080634.28,88.24%,18697.772,18697.772,111,6405,57.70532895
0-49999,F,Alias,Yes,Salaried,1st,Married,Moderate,Nagpur,52,3000,186718.06,0,0,47,82267352.34,88.44%,3972.724681,3972.724681,112,6452,57.60974565
0-49999,F,Self,No,Salaried,1st,Married,Aggresive,Nagpur,26,12000,186329.62,0,0,18,82453681.96,88.64%,10351.64556,10351.64556,113,6470,57.25921693
50000-199999,F,Self,Yes,Business,1st,Married,Moderate,Nagpur,51,20000,186287.24,0,0,6,82639969.2,88.84%,31047.87333,31047.87333,114,6476,56.80957467
50000-199999,M,Self,Yes,Business,1st,Married,Moderate,other,44,2000,184993.2,145001.55,5,85,82824962.4,89.04%,2176.390588,3882.291176,115,6561,57.05470881
0-49999,M,Self,Yes,Salaried,2nd,Married,Moderate,other,37,1000,181802.7,0,0,84,83006765.1,89.23%,2164.317857,2164.317857,116,6645,57.2869958
0-49999,M,Self,Yes,Business,3rd,Single,Moderate,Nagpur,40,6500,181670.08,48864.04,2,38,83188435.18,89.43%,4780.791579,6066.687368,117,6683,57.12214968
50000-199999,F,Self,Yes,Salaried,2nd,Married,Moderate,Nagpur,27,1000,181389.7,54711.95,1,91,83369824.88,89.63%,1993.293407,2594.523626,118,6774,57.40925011
0-49999,F,Alias,Yes,Salaried,3rd,Married,Moderate,Nagpur,45,2000,175591.25,0,0,22,83545416.13,89.81%,7981.420455,7981.420455,119,6796,57.11169339
50000-199999,M,Self,Yes,Business,1st,Married,Moderate,Nagpur,43,4500,168967.91,100000,1,71,83714384.04,90.00%,2379.829718,3788.280423,120,6867,57.22742927
50000-199999,M,Self,Yes,Business,1st,Married,Aggresive,other,29,10000,164856.97,0,0,23,83879241.01,90.17%,7167.694348,7167.694348,121,6890,56.94455796
0-49999,F,Alias,Yes,Salaried,2nd,Married,Moderate,Nagpur,41,8000,161368.88,358137.96,11,73,84040609.89,90.35%,2210.532603,7116.532055,122,6963,57.07615994
50000-199999,F,Self,Yes,Business,2nd,Married,Aggresive,Nagpur,45,1000,158282.24,0,0,90,84198892.13,90.52%,1758.691556,1758.691556,123,7053,57.34383344
50000-199999,M,Self,Yes,Salaried,1st,Married,Moderate,Nagpur,55,2500,155462.39,163972.1,4,91,84354354.52,90.68%,1708.377912,3510.269121,124,7144,57.61525414
0-49999,F,Self,Yes,Salaried,2nd,Married,Moderate,Nagpur,31,1500,154840.14,0,0,23,84509194.66,90.85%,6732.18,6732.18,125,7167,57.3383321
0-49999,F,Self,No,Business,1st,Married,Moderate,other,29,5000,151428.27,0,0,35,84660622.93,91.01%,4326.522,4326.522,126,7202,57.16104375
50000-199999,M,Self,Yes,Business,2nd,Married,Moderate,Nagpur,38,2000,149864.55,0,0,39,84810487.48,91.17%,3842.680769,3842.680769,127,7241,57.01804341
50000-199999,M,Self,Yes,Salaried,1st,Married,Moderate,other,35,1000,149357.09,84759.66,1,78,84959844.57,91.33%,1914.834487,3001.496795,128,7319,57.18196494
50000-199999,M,Self,Yes,Business,1st,Married,Moderate,Nagpur,38,0,148471.28,0,0,92,85108315.85,91.49%,1613.818261,1613.818261,129,7411,57.45187219
50000-199999,F,Self,No,Business,2nd,Married,Moderate,Nagpur,29,9000,144910.77,0,0,7,85253226.62,91.65%,20701.53857,20701.53857,130,7418,57.06378087
50000-199999,M,Self,Yes,Business,2nd,Single,Moderate,Nagpur,44,0,144082.45,0,0,91,85397309.07,91.80%,1583.323626,1583.323626,131,7509,57.32283598
0-49999,F,Self,Yes,Business,1st,Married,Moderate,other,39,0,144044.86,0,0,49,85541353.93,91.96%,2943.237357,2943.237357,132,7558,57.25933691
50000-199999,M,Self,Yes,Business,1st,Single,Aggresive,Nagpur,27,0,142318.71,0,0,49,85683672.64,92.11%,2907.967308,2907.967308,133,7607,57.19679272
50000-199999,M,Self,Yes,Business,1st,Married,Moderate,Nagpur,52,0,140812.76,456000,7,91,85824485.4,92.26%,1547.392967,6558.381978,134,7698,57.44905546
0-49999,M,Self,Yes,Salaried,2nd,Married,Moderate,Nagpur,35,2000,139130.5,0,0,50,85963615.9,92.41%,2782.61,2782.61,135,7748,57.39387727
50000-199999,M,Self,Yes,Business,1st,Married,Moderate,Nagpur,47,5000,137117.04,0,0,25,86100732.94,92.56%,5484.6816,5484.6816,136,7773,57.155687
0-49999,F,Self,Yes,Business,1st,Married,Moderate,Nagpur,32,0,135756.74,104000,25,69,86236489.68,92.71%,1967.488986,3474.735362,137,7842,57.24214184
0-49999,M,Alias,No,Business,1st,Single,Moderate,Nagpur,20,5000,134937.95,0,0,24,86371427.63,92.85%,5622.414583,5622.414583,138,7866,57.00125675
50000-199999,M,Self,Yes,Business,1st,Married,Aggresive,Nagpur,45,3000,133209.45,33567.16,1,37,86504637.08,93.00%,3600.255405,4507.475946,139,7903,56.85736282
50000-199999,M,Self,Yes,Business,2nd,Married,Aggresive,Nagpur,43,7000,130768.3,606207.12,11,47,86635405.38,93.14%,2782.304255,15680.32809,140,7950,56.78695308
0-49999,M,Alias,No,Business,3rd,Single,Aggresive,Nagpur,21,5000,129903.88,0,0,32,86765309.26,93.28%,4059.49625,4059.49625,141,7982,56.61115909
0-49999,F,Alias,Yes,Business,1st,Married,Moderate,Nagpur,43,2000,129022.72,0,0,46,86894331.98,93.41%,2804.841739,2804.841739,142,8028,56.53643262
0-49999,M,Alias,No,Business,3rd,Single,Aggresive,Nagpur,19,3000,128666.64,0,0,17,87022998.62,93.55%,7568.625882,7568.625882,143,8045,56.25995407
50000-199999,F,Self,Yes,Business,1st,Married,Moderate,Nagpur,40,2000,127333.99,0,0,49,87150332.61,93.69%,2598.652857,2598.652857,144,8094,56.20953772
50000-199999,M,Self,Yes,Business,2nd,Married,Aggresive,Nagpur,34,5000,118336.93,0,0,21,87268669.54,93.82%,5635.091905,5635.091905,145,8115,55.96671332
50000-199999,F,Self,Yes,Business,1st,Married,Aggresive,Nagpur,45,5000,117910.09,0,0,21,87386579.63,93.94%,5614.76619,5614.76619,146,8136,55.72721529
0-49999,M,Self,No,Business,1st,Single,Moderate,Nagpur,24,2000,117081.81,0,0,64,87503661.44,94.07%,1829.403281,1829.403281,147,8200,55.78349273
0-49999,F,Self,Yes,Salaried,1st,Married,Moderate,Nagpur,52,5000,114448.14,130000,2,33,87618109.58,94.19%,3468.125455,7407.519394,148,8233,55.62955021
0-49999,M,Self,Yes,Business,2nd,Married,Moderate,Nagpur,48,1000,110980.71,31403.99,1,70,87729090.29,94.31%,1585.438714,2034.067143,149,8303,55.72599619
0-49999,M,Self,Yes,Business,1st,Married,Moderate,Nagpur,38,2000,110073.56,0,0,7,87839163.85,94.43%,15724.79429,15724.79429,150,8310,55.40115621
0-49999,F,Alias,No,Business,3rd,Married,Moderate,other,64,3000,109314,0,0,30,87948477.85,94.55%,3643.8,3643.8,151,8340,55.23293663
50000-199999,M,Self,Yes,Salaried,3rd,Married,Moderate,Nagpur,41,15000,107422.39,0,0,7,88055900.24,94.66%,15346.05571,15346.05571,152,8347,54.91561468
0-49999,F,Alias,Yes,Salaried,3rd,Married,Moderate,Nagpur,42,15000,106844.87,0,0,7,88162745.11,94.78%,15263.55286,15263.55286,153,8354,54.60244073
50000-199999,M,Self,Yes,Business,2nd,Married,Aggresive,Nagpur,31,15000,104708.39,0,0,8,88267453.5,94.89%,13088.54875,13088.54875,154,8362,54.29982748
0-49999,F,Alias,Yes,Business,1st,Married,Moderate,Nagpur,62,2000,104005.89,0,0,40,88371459.39,95.00%,2600.14725,2600.14725,155,8402,54.20757053
50000-199999,M,Self,Yes,Salaried,2nd,Married,Moderate,other,35,1000,103764.58,0,0,73,88475223.97,95.11%,1421.432603,1421.432603,156,8475,54.32803482
0-49999,M,Self,Yes,Business,3rd,Single,Aggresive,other,41,3000,102960.15,0,0,30,88578184.12,95.22%,3432.005,3432.005,157,8505,54.17307918
50000-199999,M,Self,Yes,Business,1st,Married,Moderate,Nagpur,48,1000,100007.11,0,0,67,88678191.23,95.33%,1492.643433,1492.643433,158,8572,54.25426223
50000-199999,M,Self,Yes,Business,1st,Married,Moderate,Nagpur,49,0,99272.32,1177391.09,11,92,88777463.55,95.44%,1079.046957,13876.7762,159,8664,54.4916568
50000-199999,M,Self,Yes,Business,1st,Married,Aggresive,other,29,4000,96560.31,199318.41,22,78,88874023.86,95.54%,1237.952692,3793.316923,160,8742,54.63858395
50000-199999,M,Self,Yes,Business,1st,Married,Moderate,Nagpur,50,0,96282.85,0,0,49,88970306.71,95.65%,1967.326574,1967.326574,161,8791,54.60319498
50000-199999,F,Self,Yes,Business,2nd,Married,Aggresive,Nagpur,43,5000,95775.17,0,0,19,89066081.88,95.75%,5040.798421,5040.798421,162,8810,54.38342217
50000-199999,M,Self,Yes,Salaried,2nd,Married,Moderate,Nagpur,28,15000,91291.63,0,0,7,89157373.51,95.85%,13041.66143,13041.66143,163,8817,54.09272633
0-49999,M,Self,Yes,Salaried,2nd,Married,Moderate,Nagpur,36,0,89697.24,25000,1,86,89247070.75,95.94%,1042.991163,1333.688837,164,8903,54.28728287
0-49999,M,Self,Yes,Business,1st,Married,Moderate,Nagpur,46,3000,88507.7,0,0,26,89335578.45,96.04%,3404.142308,3404.142308,165,8929,54.11584479
0-49999,M,Alias,Yes,Business,2nd,Married,Moderate,Nagpur,44,4000,86565.09,0,0,20,89422143.54,96.13%,4328.2545,4328.2545,166,8949,53.91032766
0-49999,M,Self,Yes,Salaried,1st,Married,Moderate,Nagpur,35,1000,86289.16,73000,3,88,89508432.7,96.22%,980.5586364,1810.104091,167,9037,54.11445743
0-49999,M,Self,Yes,Salaried,2nd,Single,Moderate,Nagpur,33,5000,86126.59,0,0,13,89594559.29,96.32%,6625.122308,6625.122308,168,9050,53.86972852
0-49999,M,Self,Yes,Salaried,2nd,Married,Moderate,Nagpur,45,4000,84742.54,57037.05,3,84,89679301.83,96.41%,1008.839762,1687.852262,169,9134,54.04801415
50000-199999,M,Self,Yes,Business,1st,Married,Moderate,other,35,2000,82709.82,65329.09,2,64,89762011.65,96.50%,1292.340938,2313.107969,170,9198,54.10655524
50000-199999,F,Self,No,Salaried,2nd,Single,Moderate,Nagpur,22,10000,81488.64,0,0,11,89843500.29,96.58%,7408.058182,7408.058182,171,9209,53.85447012
0-49999,F,Alias,No,Business,2nd,Single,Aggresive,Nagpur,21,8000,80935.84,0,0,9,89924436.13,96.67%,8992.871111,8992.871111,172,9218,53.59368832
0-49999,F,Alias,No,Salaried,2nd,Married,Aggresive,other,30,6000,80859.5,0,0,14,90005295.63,96.76%,5775.678571,5775.678571,173,9232,53.36482307
50000-199999,M,Self,Yes,Business,1st,Married,Moderate,Nagpur,45,6000,79716.18,0,0,22,90085011.81,96.84%,3623.462727,3623.462727,174,9254,53.18456547
50000-199999,F,Self,No,Business,1st,Married,Moderate,Nagpur,48,0,78767.28,563579.29,3,81,90163779.09,96.93%,972.4355556,7930.204568,175,9335,53.34351081
0-49999,M,Self,No,Business,3rd,Single,Aggresive,other,40,3000,77441.96,60000,1,30,90241221.05,97.01%,2581.398667,4581.398667,176,9365,53.21087722
0-49999,F,Self,Yes,Business,3rd,Married,Moderate,Nagpur,40,2000,73658.54,0,0,32,90314879.59,97.09%,2301.829375,2301.829375,177,9397,53.09104176
50000-199999,M,Self,Yes,Salaried,1st,Married,Moderate,Nagpur,33,0,73159.77,0,0,63,90388039.36,97.17%,1161.26619,1161.26619,178,9460,53.14671006
0-49999,F,Alias,Yes,Business,3rd,Married,Moderate,Nagpur,40,5000,71614.06,0,0,14,90459653.42,97.25%,5115.29,5115.29,179,9474,52.92801336
0-49999,F,Alias,No,Business,1st,Married,Moderate,Nagpur,63,2000,70701.8,107185.47,3,77,90530355.22,97.32%,918.2051948,2310.224286,180,9551,53.06174662
0-49999,M,Self,No,Business,1st,Single,Moderate,other,26,2000,69202.62,14000,3,38,90599557.84,97.40%,1821.121579,2189.542632,181,9589,52.97853255
50000-199999,M,Self,Yes,Salaried,2nd,Married,Moderate,Nagpur,43,2000,68500.85,0,0,7,90668058.69,97.47%,9785.835714,9785.835714,182,9596,52.72590325
50000-199999,M,Self,No,Business,1st,Single,Moderate,other,25,4000,68168.2,0,0,8,90736226.89,97.54%,8521.025,8521.025,183,9604,52.48149941
0-49999,M,Self,Yes,Business,3rd,Married,Moderate,Nagpur,47,5000,66532.78,200000,2,42,90802759.67,97.62%,1584.11381,6346.018571,184,9646,52.42453473
0-49999,M,Self,Yes,Business,1st,Married,Moderate,Nagpur,42,6000,65866.64,317231.09,18,91,90868626.31,97.69%,723.8092308,4209.865165,185,9737,52.63305076
0-49999,F,Alias,Yes,Salaried,1st,Married,Moderate,Nagpur,47,2000,60420.22,100000,1,59,90929046.53,97.75%,1024.071525,2718.98678,186,9796,52.66728167
50000-199999,M,Self,Yes,Salaried,2nd,Married,Moderate,other,31,20000,60237.35,0,0,4,90989283.88,97.82%,15059.3375,15059.3375,187,9800,52.40702883
0-49999,M,Self,Yes,Business,3rd,Married,Aggresive,other,30,0,59901.67,0,0,49,91049185.55,97.88%,1223.95782,1223.95782,188,9849,52.38859229
50000-199999,M,Self,No,Salaried,2nd,Single,Moderate,Nagpur,30,5000,59227.69,0,0,12,91108413.24,97.94%,4935.640833,4935.640833,189,9861,52.17489603
0-49999,M,Self,Yes,Business,2nd,Married,Moderate,Nagpur,43,2000,58692.21,35534.79,2,70,91167105.45,98.01%,838.4601429,1346.1,190,9931,52.26871237
0-49999,F,Alias,No,Business,1st,Married,Aggresive,Nagpur,58,0,58334.39,0,0,49,91225439.84,98.07%,1191.933928,1191.933928,191,9980,52.25128958
0-49999,F,Self,Yes,Business,1st,Married,Moderate,Nagpur,74,2000,56936.95,64622.86,2,76,91282376.79,98.13%,749.1703947,1599.471184,192,10056,52.37498078
0-49999,M,Self,No,Business,1st,Single,Moderate,Nagpur,22,20000,56127.95,0,0,2,91338504.74,98.19%,28063.975,28063.975,193,10058,52.11397052
0-49999,F,Alias,No,Business,2nd,Married,Moderate,Nagpur,32,0,55110.8,141139.61,3,49,91393615.54,98.25%,1126.067013,4009.942027,194,10107,52.09761479
0-49999,F,Self,Yes,Salaried,2nd,Married,Moderate,Nagpur,45,1000,54901.5,0,0,43,91448517.04,98.31%,1276.77907,1276.77907,195,10150,52.05096036
200000-499999,F,Self,No,Salaried,2nd,Single,Moderate,Nagpur,26,10000,51882.34,0,0,4,91500399.38,98.37%,12970.585,12970.585,196,10154,51.80580239
0-49999,F,Alias,Yes,Business,1st,Married,Aggresive,Nagpur,39,1000,51507.21,0,0,41,91551906.59,98.42%,1256.273415,1256.273415,197,10195,51.75095061
50000-199999,M,Self,Yes,Salaried,1st,Married,Moderate,other,44,3000,51348.38,0,0,21,91603254.97,98.48%,2445.160952,2445.160952,198,10216,51.59564277
0-49999,M,Self,No,Business,2nd,Single,Moderate,other,22,1000,51319.95,0,0,44,91654574.92,98.53%,1166.3625,1166.3625,199,10260,51.55747372
0-49999,F,Alias,Yes,Business,1st,Married,Moderate,Nagpur,46,5000,50969.8,473475.99,21,91,91705544.72,98.59%,560.1076923,5763.140549,200,10351,51.75468635
50000-199999,M,Self,Yes,Salaried,2nd,Married,Moderate,Nagpur,47,4000,50826.34,108145.46,1,85,91756371.06,98.64%,597.9569412,1870.256471,201,10436,51.92008592
0-49999,M,Self,Yes,Business,1st,Married,Moderate,Nagpur,64,2000,50223.45,0,0,10,91806594.51,98.69%,5022.345,5022.345,202,10446,51.71256074
0-49999,F,Alias,No,Business,2nd,Single,Aggresive,Nagpur,21,7000,47826.97,0,0,19,91854421.48,98.75%,2517.208947,2517.208947,203,10465,51.55141512
0-49999,F,Alias,Yes,Business,2nd,Married,Moderate,other,39,0,43597.82,0,0,49,91898019.3,98.79%,890.8247923,890.8247923,204,10514,51.53861877
0-49999,F,Alias,No,Business,1st,Married,Moderate,Nagpur,68,0,42793.06,0,0,49,91940812.36,98.84%,874.3813059,874.3813059,205,10563,51.52594726
0-49999,M,Self,Yes,Business,2nd,Married,Moderate,Nagpur,49,2000,42541.23,45000,2,36,91983353.59,98.88%,1181.700833,2431.700833,206,10599,51.45057858
50000-199999,M,Self,No,Salaried,1st,Single,Aggresive,Nagpur,29,6000,42026.63,161246.11,3,28,92025380.22,98.93%,1500.951071,7259.740714,207,10627,51.33729076
0-49999,M,Self,Yes,Business,1st,Married,Moderate,Nagpur,32,3000,39754.95,180162.43,10,56,92065135.17,98.97%,709.9098214,3927.096071,208,10683,51.35970764
0-49999,F,Alias,Yes,Salaried,2nd,Married,Moderate,Nagpur,44,2000,39696,0,0,20,92104831.17,99.02%,1984.8,1984.8,209,10703,51.20966119
0-49999,F,Self,Yes,Business,1st,Married,Moderate,Nagpur,27,3000,39132.36,29000,2,63,92143963.53,99.06%,621.1485714,1081.466032,210,10766,51.26580566
50000-199999,M,Self,Yes,Salaried,1st,Single,Moderate,Nagpur,23,11000,38985.02,176838.27,5,17,92182948.55,99.10%,2293.236471,12695.48765,211,10783,51.10340847
0-49999,M,Self,Yes,Business,2nd,Married,Moderate,other,54,2500,37673.44,0,0,16,92220621.99,99.14%,2354.59,2354.59,212,10799,50.93782636
0-49999,M,Self,Yes,Salaried,2nd,Married,Moderate,Nagpur,51,0,37142.72,0,0,49,92257764.71,99.18%,758.9291352,758.9291352,213,10848,50.9284514
0-49999,M,Self,No,Business,1st,Single,Aggresive,Nagpur,20,22500,36288.63,32344.24,2,15,92294053.34,99.22%,2419.242,4575.524667,214,10863,50.76056144
0-49999,F,Self,Yes,Salaried,3rd,Single,Moderate,Nagpur,27,5000,35951.14,39000,4,60,92330004.48,99.26%,599.1856667,1249.185667,215,10923,50.80353557
50000-199999,M,Self,Yes,Salaried,2nd,Married,Moderate,Nagpur,54,5000,34478.89,0,0,8,92364483.37,99.29%,4309.86125,4309.86125,216,10931,50.60537105
50000-199999,M,Self,Yes,Business,3rd,Married,Moderate,Nagpur,50,6000,34418.89,0,0,4,92398902.26,99.33%,8604.7225,8604.7225,217,10935,50.39059976
0-49999,M,Self,Yes,Salaried,2nd,Married,Moderate,Nagpur,60,1000,34051.99,95000,2,86,92432954.25,99.37%,395.9533721,1500.604535,218,11021,50.55394563
50000-199999,M,Self,Yes,Business,1st,Married,Moderate,Nagpur,54,4000,33447.18,382758.42,4,86,92466401.43,99.40%,388.9206977,4839.6,219,11107,50.71579976
50000-199999,M,Self,Yes,Business,2nd,Married,Moderate,Nagpur,37,14000,32329.48,0,0,2,92498730.91,99.44%,16164.74,16164.74,220,11109,50.49436431
0-49999,M,Self,Yes,Salaried,1st,Single,Aggresive,Nagpur,26,4000,31397.46,281113.95,26,50,92530128.37,99.47%,627.9492,6250.2282,221,11159,50.49212736
0-49999,F,Alias,No,Business,1st,Married,Moderate,Nagpur,70,0,30502.99,0,0,49,92560631.36,99.51%,623.2609734,623.2609734,222,11208,50.48514012
0-49999,M,Self,Yes,Business,1st,Married,Moderate,Nagpur,32,0,29779.15,0,0,14,92590410.51,99.54%,2127.082143,2127.082143,223,11222,50.32152963
50000-199999,M,Self,Yes,Business,1st,Married,Moderate,other,44,0,28627.68,50770.71,1,91,92619038.19,99.57%,314.5898901,872.5097802,224,11313,50.50312994
0-49999,M,Alias,No,Business,1st,Single,Aggresive,Nagpur,20,10000,28043.05,0,0,3,92647081.24,99.60%,9347.683333,9347.683333,225,11316,50.29200492
50000-199999,F,Self,Yes,Business,1st,Married,Moderate,other,38,3000,23029.27,0,0,6,92670110.51,99.62%,3838.211667,3838.211667,226,11322,50.0960226
50000-199999,M,Self,Yes,Business,1st,Married,Aggresive,Nagpur,42,3500,22414.43,292843.96,4,80,92692524.94,99.65%,280.180375,3940.729875,227,11402,50.22775818
50000-199999,M,Self,Yes,Business,1st,Married,Moderate,Nagpur,34,5000,22391.68,0,0,4,92714916.62,99.67%,5597.92,5597.92,228,11406,50.02500486
50000-199999,M,Self,Yes,Salaried,3rd,Single,Aggresive,other,25,10000,20414,0,0,3,92735330.62,99.69%,6804.666667,6804.666667,229,11409,49.81965549
0-49999,F,Self,No,Salaried,2nd,Single,Moderate,other,21,8000,20294.83,0,0,3,92755625.45,99.72%,6764.943333,6764.943333,230,11412,49.61609177
0-49999,M,Self,Yes,Business,3rd,Single,Moderate,other,20,2000,20120.11,0,0,3,92775745.56,99.74%,6706.703333,6706.703333,231,11415,49.41429051
50000-199999,M,Self,No,Salaried,2nd,Single,Moderate,other,22,15000,18431.58,0,0,1,92794177.14,99.76%,18431.58,18431.58,232,11416,49.20560822
0-49999,M,Self,Yes,Salaried,1st,Married,Moderate,other,30,0,17444.89,38011.66,3,60,92811622.03,99.78%,290.7481667,924.2758333,233,11476,49.25193608
0-49999,F,Alias,No,Salaried,2nd,Married,Moderate,other,60,4000,17013.27,0,0,2,92828635.3,99.79%,8506.635,8506.635,234,11478,49.05000473
0-49999,F,Alias,Yes,Business,1st,Married,Moderate,Nagpur,31,2000,15053.78,130000,3,35,92843689.08,99.81%,430.108,4144.393714,235,11513,48.99021748
0-49999,M,Self,Yes,Business,1st,Married,Moderate,Nagpur,48,2000,13934.53,112998.29,3,60,92857623.61,99.82%,232.2421667,2115.547,236,11573,49.0368691
50000-199999,M,Self,Yes,Business,3rd,Married,Moderate,other,44,5000,13532.03,0,0,2,92871155.64,99.84%,6766.015,6766.015,237,11575,48.8384013
0-49999,F,Self,No,Salaried,2nd,Single,Moderate,other,22,5000,13510.23,0,0,3,92884665.87,99.85%,4503.41,4503.41,238,11578,48.64580297
50000-199999,M,Self,Yes,Business,3rd,Married,Moderate,other,41,5000,13222.45,0,0,2,92897888.32,99.87%,6611.225,6611.225,239,11580,48.45063225
0-49999,M,Alias,No,Business,1st,Single,Moderate,Nagpur,21,1000,11998.61,0,0,12,92909886.93,99.88%,999.8841667,999.8841667,240,11592,48.29875461
0-49999,F,Alias,Yes,Business,1st,Married,Moderate,Nagpur,41,1000,11676.49,50000,1,77,92921563.42,99.89%,151.6427273,800.9933766,241,11669,48.41784692
0-49999,F,Self,Yes,Salaried,2nd,Single,Moderate,Nagpur,24,3000,11044.32,0,0,2,92932607.74,99.91%,5522.16,5522.16,242,11671,48.22603763
0-49999,M,Self,Yes,Business,2nd,Single,Moderate,other,23,5000,9658.27,0,0,1,92942266.01,99.92%,9658.27,9658.27,243,11672,48.0316918
50000-199999,M,Self,Yes,Business,3rd,Married,Moderate,Nagpur,32,5000,9644.35,0,0,1,92951910.36,99.93%,9644.35,9644.35,244,11673,47.83893896
50000-199999,M,Self,No,Business,1st,Single,Moderate,Nagpur,29,2000,9090.32,0,0,4,92961000.68,99.94%,2272.58,2272.58,245,11677,47.66000452
0-49999,F,Self,No,Salaried,2nd,Single,Moderate,other,21,0,8253.61,0,0,49,92969254.29,99.94%,168.6442215,168.6442215,246,11726,47.66521165
50000-199999,M,Self,Yes,Salaried,1st,Married,Aggresive,Nagpur,48,1000,6345.2,48802.96,4,50,92975599.49,99.95%,126.904,1102.9632,247,11776,47.67466424
50000-199999,M,Self,Yes,Business,1st,Married,Aggresive,other,40,1000,6070.88,0,0,7,92981670.37,99.96%,867.2685714,867.2685714,248,11783,47.51065349
0-49999,F,Self,Yes,Business,1st,Married,Moderate,Nagpur,33,2000,5648.9,0,0,2,92987319.27,99.96%,2824.45,2824.45,249,11785,47.32787978
0-49999,F,Self,Yes,Business,1st,Married,Moderate,Nagpur,51,2000,5525.09,45000,1,12,92992844.36,99.97%,460.4241667,4210.424167,250,11797,47.18656827
50000-199999,M,Self,No,Salaried,2nd,Single,Moderate,other,22,5000,4949.64,0,0,1,92997794,99.98%,4949.64,4949.64,251,11798,47.00255803
0-49999,M,Self,No,Salaried,2nd,Single,Moderate,other,23,5000,4628.58,0,0,1,93002422.58,99.98%,4628.58,4628.58,252,11799,46.8200082
0-49999,M,Self,Yes,Business,2nd,Married,Moderate,Nagpur,47,2000,3856.04,0,0,1,93006278.62,99.98%,3856.04,3856.04,253,11800,46.63890145
50000-199999,M,Self,Yes,Business,2nd,Married,Moderate,Nagpur,50,2000,3692.91,0,0,1,93009971.53,99.99%,3692.91,3692.91,254,11801,46.45922073
0-49999,F,Self,Yes,Business,1st,Married,Moderate,Nagpur,49,11000,3461.54,208520.92,121,92,93013433.07,99.99%,37.62543478,2304.157174,255,11893,46.63781203
0-49999,F,Self,Yes,Salaried,1st,Married,Moderate,Nagpur,41,0,2362.72,0,0,62,93015795.79,99.99%,38.1083871,38.1083871,256,11955,46.69782057
0-49999,F,Alias,No,Business,1st,Married,Aggresive,other,25,2000,1851.28,0,0,1,93017647.07,100.00%,1851.28,1851.28,257,11956,46.52000804
0-49999,M,Self,Yes,Salaried,2nd,Married,Moderate,Nagpur,50,1000,1044.32,86431.36,7,92,93018691.39,100.00%,11.35130435,950.8226087,258,12048,46.69628708
0-49999,F,Self,Yes,Salaried,2nd,Married,Moderate,Nagpur,28,0,990.89,30500,5,85,93019682.28,100.00%,11.65752941,370.4810588,259,12133,46.84417786
50000-199999,F,Self,No,Salaried,1st,Married,Moderate,Nagpur,68,0,456.71,1279709.7,6,92,93020138.99,100.00%,4.96423913,13914.85228,260,12225,47.0178541
0-49999,F,Alias,No,Business,1st,Married,Moderate,Nagpur,56,0,244.38,61294.88,1,49,93020383.37,100.00%,4.993363492,1257.418341,261,12274,47.02522232
0-49999,M,Self,Yes,Salaried,2nd,Married,Moderate,other,37,0,187.33,58300,4,90,93020570.7,100.00%,2.081444444,649.8592222,262,12364,47.18924819
0-49999,F,Self,Yes,Salaried,1st,Married,Moderate,other,41,0,36.58,183112.82,2,91,93020607.28,100.00%,0.401978022,2012.630769,263,12455,47.355829
0-49999,F,Self,Yes,Business,1st,Married,Moderate,Nagpur,38,5000,0,0,0,13,93020607.28,100.00%,0,0,264,12468,47.22569328
50000-199999,M,Self,Yes,Business,1st,Married,Moderate,Nagpur,41,10000,0,512489.75,5,45,93020607.28,100.00%,0,11388.66111,265,12513,47.21729444
0-49999,F,Self,Yes,Salaried,2nd,Married,Moderate,Nagpur,32,3000,0,216245.71,11,74,93020607.28,100.00%,0,2922.239324,266,12587,47.3179813
